rank,label,score,score_error
1,Novak_Djokovic,2.883509388398551,0.002174836692001555
2,Rafael_Nadal,2.6438251419434664,0.0020057203555690407
3,Roger_Federer,2.6311508740796454,0.0020064153255307305
4,Andy_Murray,2.3437932999489814,0.001886360507973691
5,Juan_Martin_del_Potro,2.0573265873143636,0.001857233080270461
6,Robin_Soderling,1.952716613496171,0.0027357850463636873
7,David_Ferrer,1.7799941572891937,0.0014894202187602484
8,Tomas_Berdych,1.761607370887747,0.0014456950256394614
9,Kei_Nishikori,1.743281017673782,0.0015129451402531742
10,Stan_Wawrinka,1.7249611208025528,0.001473383303088542
11,Jo-Wilfried_Tsonga,1.7065964718974957,0.0015215956817923935
12,Milos_Raonic,1.6396595477038636,0.0014789595128444045
13,Andy_Roddick,1.6011564931133067,0.0023757216804408806
14,Alexander_Zverev,1.6004323306721977,0.0016534308988022015
15,Marin_Cilic,1.5860389739389311,0.0013930614283747139
16,Dominic_Thiem,1.5290048342182625,0.0015330795954913076
17,Gael_Monfils,1.5153790775453417,0.0014307271378269982
18,Nick_Kyrgios,1.4854981542679264,0.0018227394272916327
19,Mardy_Fish,1.472250143962823,0.0021828854450989554
20,Stefanos_Tsitsipas,1.4721737498956071,0.0021670642434242745
21,Richard_Gasquet,1.4561933036647208,0.0013726502332049126
22,Daniil_Medvedev,1.4294803951066113,0.0019927637664505084
23,Grigor_Dimitrov,1.4138377649197318,0.001377067932807168
24,David_Nalbandian,1.3885039769486909,0.002411469663531889
25,John_Isner,1.3828677933356344,0.0012859953147688979
26,Roberto_Bautista_Agut,1.380111174751017,0.0014091903223726878
27,David_Goffin,1.3756300523198952,0.0013991398002885507
28,Kevin_Anderson,1.3295689760437244,0.0013469964827123675
29,Nicolas_Almagro,1.3136611761819388,0.0014091358895345436
30,Matteo_Berrettini,1.1914147183648784,0.002447494042887301
31,Alex_De_Minaur,1.186945644084016,0.002377534602900156
32,Philipp_Kohlschreiber,1.1839597576251297,0.00125812933150549
33,Gilles_Simon,1.1751117307677168,0.0012133791128766949
34,Karen_Khachanov,1.1445124187437814,0.0018658679220132871
35,Denis_Shapovalov,1.134918569704418,0.0020894524717259806
36,Fernando_Verdasco,1.1324158104194035,0.0012585367428228184
37,Feliciano_Lopez,1.117798973402858,0.001287837019770088
38,Lucas_Pouille,1.1072378665721665,0.0017244753144578713
39,Jack_Sock,1.0980441039529114,0.001586791313698818
40,Juan_Carlos_Ferrero,1.0959877344202045,0.0026429967739105887
41,Juan_Monaco,1.087608537132392,0.0014603104976546157
42,Fabio_Fognini,1.0841469656390788,0.0012409427722974021
43,Sam_Querrey,1.0836425282881912,0.0012732490358438161
44,Borna_Coric,1.0769247251216614,0.0016347633137012022
45,Tommy_Haas,1.076232973077355,0.00184647682377107
46,Janko_Tipsarevic,1.0700248798888163,0.0014588213027210372
47,Gilles_Muller,1.0576298642837876,0.0015829136616860903
48,Ivan_Ljubicic,1.0499457231795628,0.002662725153403023
49,Andrey_Rublev,1.0230790793136784,0.0019407060543065455
50,Tommy_Robredo,1.0220259784924466,0.0015852544912860122
51,Egor_Gerasimov,1.0216077275466988,0.003939747898179791
52,Alexandr_Dolgopolov,1.0182839014884275,0.0013813920185491752
53,Diego_Schwartzman,1.014530104107162,0.0016187749448902152
54,Viktor_Troicki,1.0143670988197853,0.0013235603342464403
55,Hyeon_Chung,1.0093864987036707,0.0021581695270013646
56,Felix_Auger_Aliassime,1.002020279937595,0.002850174534474625
57,Radek_Stepanek,1.0003906342882771,0.0016834526526168043
58,Marcos_Baghdatis,0.9822660775978568,0.0013883377279459567
59,Kyle_Edmund,0.9591607871829515,0.0017371682072181256
60,Ernests_Gulbis,0.9552730193864186,0.001504126850320691
61,Pablo_Carreno_Busta,0.9499685334169431,0.001477167024985155
62,Lleyton_Hewitt,0.9439638270968488,0.001999524686041837
63,Jerzy_Janowicz,0.9323565817054422,0.0019204687412588306
64,Nikolay_Davydenko,0.9314848206946117,0.001788972226917547
65,Ivo_Karlovic,0.9246345637200957,0.0013793915646388342
66,Jurgen_Melzer,0.9152117264999695,0.001587194923930423
67,Florian_Mayer,0.9126040895237538,0.001500596482724752
68,Bernard_Tomic,0.9100061524114581,0.0014190191870190121
69,Michael_Llodra,0.9041915863950828,0.0021187264172784384
70,Mikhail_Youzhny,0.9034004479194372,0.001394041524221616
71,Julien_Benneteau,0.8987893757029636,0.0014858674455173575
72,Steve_Johnson,0.8941221809540497,0.0014575257514513275
73,Jeremy_Chardy,0.8919632321597435,0.0012980968059187786
74,Andreas_Seppi,0.8803768113709989,0.0011822603747844772
75,Pablo_Cuevas,0.8798324950343404,0.0014538832675211782
76,Benoit_Paire,0.8436417099298773,0.0012713022664082945
77,Bassam_Beidas,0.8191012218136933,0.008675314102277802
78,Filip_Krajinovic,0.8172954207655247,0.002290817468640197
79,Taylor_Fritz,0.8051932128463414,0.001950175801787904
80,Leonardo_Mayer,0.7958591213614988,0.001423432489397084
81,Jarkko_Nieminen,0.7898676178424183,0.0015395760062154764
82,Martin_Klizan,0.7782026219580626,0.001587412008627361
83,Thomaz_Bellucci,0.7724749819475235,0.001437987199906241
84,Albert_Ramos,0.769616229397773,0.0013107833109640384
85,Juan_Ignacio_Chela,0.7672438995545395,0.002169137407665032
86,Guido_Pella,0.7586469240253023,0.0017198792993069626
87,Reilly_Opelka,0.7564732022797562,0.0029735585438993963
88,Nikoloz_Basilashvili,0.752094529482905,0.0018568894424417315
89,Yoshihito_Nishioka,0.7511784783791514,0.0024184389209174046
90,Marton_Fucsovics,0.7484036497717725,0.0021430958632938308
91,Nicolas_Mahut,0.7432315530586636,0.0016889505713934693
92,Liang_Chi_Huang,0.7402922497531126,0.008029386286952269
93,Jan_Lennard_Struff,0.7388131805860604,0.0015841916069775214
94,Hubert_Hurkacz,0.7311604341471061,0.0029594684342879036
95,Philipp_Petzschner,0.729021608899571,0.002274168050930642
96,Damir_Dzumhur,0.7238309036020512,0.0016825104401458108
97,Adrian_Mannarino,0.7229424967084872,0.0013527788648487347
98,Pierre_Hugues_Herbert,0.7210483463488015,0.0019299251076917523
99,Jan_Hernych,0.7174509384887265,0.004491998192541981
100,Marcel_Granollers,0.7168277178090777,0.0013927189017248131
101,Ivan_Dodig,0.7151495646337641,0.0016813017161439
102,Nicolas_Alvarez,0.7149923584935143,0.007882589090218033
103,Steve_Darcis,0.7116622840870812,0.0019556831899948217
104,Albert_Montanes,0.7097481810152352,0.0017256083691957291
105,Peter_Gojowczyk,0.7077729988340788,0.002270626622042312
106,Fernando_Gonzalez,0.7055312443210381,0.004021992494135286
107,Joao_Sousa,0.7047831555345535,0.0013711841956139828
108,Aljaz_Bedene,0.7001585088216002,0.0016955954734167499
109,Jannik_Sinner,0.6948538554221154,0.004902648887233775
110,Xavier_Malisse,0.6942428710132942,0.0019392964318922549
111,Benjamin_Hassan,0.6893479803031214,0.007775831654869574
112,Denis_Istomin,0.6890339380088955,0.0013133066437100041
113,Nicolas_Jarry,0.6887387350124619,0.0024274401265673047
114,Miomir_Kecmanovic,0.6848207891413615,0.0033323433442083873
115,Daniel_Evans,0.6830993638997604,0.002348682514787757
116,Guillermo_Garcia_Lopez,0.6813596936673599,0.001290561743038866
117,James_Blake,0.678606562075884,0.0024914499040286707
118,Cristian_Garin,0.6784341537307582,0.0027434723759611427
119,John_Millman,0.6767276018445032,0.002058376598928617
120,Cameron_Norrie,0.6754849776638687,0.002630993712036939
121,Santiago_Giraldo,0.6729432915921808,0.001381964865417792
122,Robin_Haase,0.6715886705822708,0.0013330011621440962
123,Federico_Delbonis,0.6704854596183284,0.0016361692995233651
124,Vasek_Pospisil,0.6698420179979796,0.0016409063856788451
125,Lukas_Rosol,0.669762783451833,0.0015759145109107123
126,Andrey_Kuznetsov,0.6664414056671548,0.001977495982567058
127,Lorenzo_Sonego,0.6614122522230841,0.003305155778511547
128,Dmitry_Tursunov,0.6596134905500276,0.0019841518804208113
129,Joao_Domingues,0.6539475996144873,0.006286400563003229
130,Mikhail_Kukushkin,0.6538085536795714,0.0014413346945838718
131,Attila_Balazs,0.6489397678171278,0.004253787369858648
132,Carlos_Berlocq,0.6477697020832947,0.001595324562316373
133,Simone_Bolelli,0.6417782185905835,0.001972009522476273
134,Ryan_Harrison,0.6373088912480025,0.0016100785173053223
135,Frances_Tiafoe,0.6369866220974415,0.002115319438392627
136,Donald_Young,0.6248407193830805,0.0015791031309919956
137,Ricardo_Rodriguez,0.623127926221503,0.004558019184616191
138,Ricardas_Berankis,0.6161856006160061,0.001740969144965646
139,Yen_Hsun_Lu,0.614477469032656,0.0016071746197123854
140,Dusan_Lajovic,0.6117666553621709,0.0016182060212529181
141,Juan_Ignacio_Londero,0.610696411861006,0.003536300791081339
142,Tihomir_Grozdanov,0.6099462828227961,0.009236906197446503
143,Matthew_Barton,0.6067758980385102,0.00720918884729715
144,Jared_Donaldson,0.6034556430074808,0.00237972251818112
145,Jiri_Vesely,0.602765552732038,0.001674790374384181
146,Casper_Ruud,0.5978470861379874,0.002738016220236967
147,Bruno_Rodriguez,0.5974045215001197,0.009493987630580077
148,Darian_King,0.5943784846736224,0.0038719165218112665
149,Juan_Sebastian_Cabal,0.5909137516317519,0.007774596655629521
150,Benjamin_Lock,0.5834204311042117,0.007450960294414677
151,Andrej_Martin,0.5820880880530747,0.004191014015032151
152,Pablo_Andujar,0.581176568998306,0.0014311821875379052
153,Sergiy_Stakhovsky,0.5805346001771179,0.0014705664896133216
154,Marinko_Matosevic,0.5673388739324721,0.002111331919110682
155,Tennys_Sandgren,0.5636482430729691,0.002968901355322346
156,Thiemo_De_Bakker,0.5596764292908148,0.00220947078542954
157,Mirza_Basic,0.552161986127784,0.0030151417783045656
158,Pavol_Cervenak,0.5513035950945944,0.006511458349196697
159,Radu_Albot,0.5479666853444666,0.0019645809850772477
160,Alexander_Bublik,0.5476289145975334,0.003549788034169372
161,Laslo_Djere,0.5457708256296167,0.002562737412086271
162,Yuri_Schukin,0.5315220545235191,0.007422993378192688
163,Christopher_Rungkat,0.5311912175244405,0.005428473266275316
164,Victor_Hanescu,0.5302625039945281,0.0019894262745618766
165,Edouard_Roger_Vasselin,0.5270973386112019,0.0019028203609575468
166,Sebastian_Ofner,0.5246444364603655,0.005663617400569144
167,Marcelo_Arevalo,0.518939677009987,0.004388717769608033
168,Frederico_Gil,0.5164192200916522,0.002882287007614541
169,Potito_Starace,0.5143378944335539,0.0022641019321402236
170,Benjamin_Becker,0.5131997704975209,0.0016770482624689441
171,Juan_Carlos_Saez,0.5129377292908186,0.009297706169826793
172,Harshana_Godamanna,0.5121476963783854,0.005904797686579216
173,Jonas_Forejtek,0.5090748545751091,0.009479215383146718
174,Alex_Bogomolov_Jr,0.508865247501827,0.002375506659649612
175,Victor_Estrella,0.504882322886166,0.002160371155002322
176,Thanasi_Kokkinakis,0.4938758615539241,0.0031610735590694235
177,Roberto_Carballes_Baena,0.4936897470181043,0.002407835150905102
178,Mischa_Zverev,0.48958162737360145,0.0017388607584096659
179,Julio_Cesar_Campozano,0.4871060777516489,0.005882447784256957
180,Grega_Zemlja,0.482939870161361,0.0028542463587451767
181,Lloyd_Harris,0.480907262320776,0.0038620941958014076
182,Taylor_Dent,0.4793765161455152,0.004574526486618349
183,Jordan_Thompson,0.47093260469448023,0.0024346368329524358
184,Lukasz_Kubot,0.46167054752225445,0.0019408421644923448
185,Ugo_Humbert,0.4604057815387951,0.0036439077101195405
186,Yong_Kyu_Lim,0.4597405819245514,0.005588762356258194
187,Malek_Jaziri,0.4585763453969448,0.0017689538348044896
188,Sam_Groth,0.4582558199951289,0.002648809380127292
189,Ryan_Sweeting,0.45512313190823117,0.0030800720268811563
190,Igor_Andreev,0.45172505643528854,0.0024209597700793743
191,Ivo_Minar,0.44552093755853467,0.008337806979919937
192,Olivier_Rochus,0.44140304760597865,0.002587394384159093
193,Mackenzie_Mcdonald,0.4384370319406156,0.0036600768733725886
194,Dustin_Brown,0.4345162814800768,0.0020924526955955086
195,Cedrik_Marcel_Stebe,0.4331926502227517,0.0030615401662583
196,Dmitry_Popko,0.42495514385288474,0.0073889299460459055
197,Gonzalo_Lama,0.42191244694324975,0.006563688821339741
198,Marius_Copil,0.42078446479950127,0.002148613520871056
199,Richard_Bloomfield,0.4176873566298943,0.008269355906684612
200,Tommy_Paul,0.4148873351439903,0.0046292384362082
201,Mohammad_Ghareeb,0.4136343705191252,0.006248850242394554
202,Somdev_Devvarman,0.41150361567044363,0.0024579535304127633
203,Danai_Udomchoke,0.41035859564414245,0.005427344926148881
204,Dudi_Sela,0.4096603391509529,0.001698744895027976
205,Dragos_Dima,0.4088659534942733,0.010064041149917857
206,Sergio_Galdos,0.4057738636043075,0.008398957594562328
207,Jaume_Munar,0.4057625368740313,0.0031199915816989636
208,Antoine_Hoang,0.40058627970004707,0.00654773313046897
209,Yuichi_Sugita,0.3997568332240809,0.0023439349375967045
210,Tobias_Kamke,0.39959995644081325,0.002002993197121988
211,Henri_Laaksonen,0.3973818391701073,0.0028623502865522316
212,Horacio_Zeballos,0.39698131975468637,0.0018545279302459921
213,Yuki_Bhambri,0.3957838468531326,0.0034156010533368166
214,Konstantinos_Economidis,0.39194075384087085,0.009930652099315191
215,Paul_Henri_Mathieu,0.3909342321095805,0.0020098705216866353
216,Lukas_Lacko,0.3869542946783688,0.0017848035165586062
217,Arnaud_Clement,0.38500011492330355,0.0031164402086127376
218,Alejandro_Falla,0.38412918246612215,0.0019378694530740625
219,Ruben_Gonzales,0.3841218928868882,0.006094977320628539
220,West_Nott,0.3836469578685598,0.00963548994743762
221,Michael_Berrer,0.3826251925981296,0.002181765985182787
222,Amer_Delic,0.3820406199474805,0.006082227206498174
223,Henri_Kontinen,0.3814704715533309,0.008021704543765119
224,Nicolas_Devilder,0.38129961663219863,0.008736923579532211
225,Marco_Cecchinato,0.38038280222123977,0.002419715495499498
226,Martin_Alund,0.37806109034579166,0.005639991419726138
227,Jan_Mertl,0.37766402425492857,0.008703461134789349
228,Andrey_Golubev,0.3772454517852157,0.00226680853353552
229,Alvaro_Raposo_De_Oliveira,0.3663539359950272,0.010303412341068791
230,Ivan_Sergeyev,0.3654893817555326,0.00933709718223512
231,Alberto_Martin,0.36257733204306963,0.006758637031876611
232,Simone_Vagnozzi,0.362380909740348,0.007846696835661764
233,Daniel_Elahi_Galan,0.362266200629826,0.005843155112873416
234,Izak_Van_Der_Merwe,0.3592839857247799,0.005427277612450613
235,Diego_Galeano,0.35747316398884343,0.00700014530360815
236,Teymuraz_Gabashvili,0.35610515604893667,0.0019449238169095605
237,Ilya_Ivashka,0.35538422448089524,0.003518707006741371
238,Wishaya_Trongcharoenchaikul,0.35034949078210204,0.005823402802425799
239,Marcus_Willis,0.3501607245131647,0.010228170073782092
240,Michael_Russell,0.3492136420508782,0.0023801393313923505
241,Grzegorz_Panfil,0.346426336832941,0.008686956529100516
242,Nicolas_Kicker,0.34601254116064467,0.0035130458784232805
243,Paolo_Lorenzi,0.34564145978951966,0.0015886664659668045
244,Matthias_Bachinger,0.3437534150344128,0.0028736036784695017
245,Matthew_Ebden,0.3379012399367189,0.001914618281907864
246,Taro_Daniel,0.3359763741988852,0.002385795994345797
247,Daniel_Brands,0.3351797673676739,0.002232370672751177
248,Daniel_Garza,0.3351314092828571,0.00513697698813587
249,Jean_Jacques_Rakotohasy,0.33199865714091914,0.010054645659640161
250,Alexei_Popyrin,0.330303502978942,0.004069879844449371
251,Luis_Diego_Chavez_Villalpando,0.32988876436995246,0.010147665814508728
252,Ricardo_Ojeda_Lara,0.3291308325929982,0.007801280647041345
253,Reda_El_Amrani,0.32906140414426605,0.006193148348122897
254,Brian_Baker,0.3260128134035123,0.0037971781711333362
255,Yasutaka_Uchiyama,0.3242726229248731,0.005879096087399279
256,Zhizhen_Zhang,0.32326484741044387,0.006180376270063535
257,Romain_Arneodo,0.32222023351979945,0.007143744973249763
258,Chieh_Fu_Wang,0.3200458804820251,0.009248379843772454
259,Matteo_Donati,0.31300023556573603,0.010115855150116131
260,Renzo_Olivo,0.3113342236096388,0.003460629752254116
261,Denis_Kudla,0.31025219225249534,0.0021822327459935756
262,Emilio_Gomez,0.3074282897007113,0.004974528519876774
263,Jurabek_Karimov,0.3067004744619439,0.009455728231322706
264,Ramkumar_Ramanathan,0.30559270763906865,0.00353231659446872
265,Marcel_Felder,0.30306562032739054,0.006374680370610395
266,David_Souto,0.3022730078628333,0.005541339208782296
267,Alexander_Bury,0.3018410109267504,0.009466686893933497
268,Daniel_Gimeno_Traver,0.2997779851757503,0.0018123251990540565
269,Illya_Marchenko,0.29861394602142227,0.002196394493620872
270,Emil_Ruusuvuori,0.29500790969134033,0.007268862278389634
271,Mikael_Ymer,0.29294977923208637,0.004347565133126726
272,Dennis_Novak,0.29213551288891154,0.004390056132870716
273,Amir_Weintraub,0.2916044983353821,0.0049958532314047606
274,Dominik_Koepfer,0.28987016972543833,0.006214795282686212
275,Yannick_Hanfmann,0.28897178021077813,0.005198479653134996
276,Ari_Fahresi,0.28793387753248395,0.010539194197423975
277,Mathieu_Rodrigues,0.28763937245126364,0.010218454214014284
278,Markos_Kalovelonis,0.28633821331760817,0.010062307628963329
279,Salvatore_Caruso,0.28626828736678955,0.005672251805998787
280,Hady_Habib,0.28556540804440594,0.007320856984546186
281,Clement_Reix,0.284753185308544,0.009877406973829272
282,Florent_Serra,0.28391009168698134,0.0029798450389569046
283,Austen_Childs,0.28055347129449965,0.010049329820148275
284,Andreas_Haider_Maurer,0.27972211075076236,0.002446163318713813
285,Bruno_Abdel_Nour,0.27876593236443564,0.010168353586167774
286,Hamid_Reza_Nadaf,0.2766112008411237,0.010159177627209446
287,Rainer_Schuettler,0.2761126102125448,0.003652857758429896
288,Mauricio_Echazu,0.27595142297491054,0.005051049132145368
289,Blaz_Kavcic,0.27425150107159585,0.002278059029514084
290,Cayetano_March,0.2733975250514653,0.010851505110723384
291,Igor_Sijsling,0.2733087294490874,0.0022579406530879565
292,Nikola_Milojevic,0.2709771124587135,0.008890641626625501
293,Pruchya_Isarow,0.2666900795438418,0.006384413421401103
294,Wayne_Odesnik,0.26083063108566173,0.004171046796167186
295,Jonathan_Chu,0.2575092352843086,0.008707324714820998
296,Adam_Pavlasek,0.2570562049015435,0.0057353267222701
297,Skyler_Butts,0.2558815407965089,0.010323226946114194
298,Ayoub_Chakrouni,0.2551912795485232,0.010525256813485536
299,Robby_Ginepri,0.25314793577820016,0.003706230171656954
300,Cristian_Rodriguez,0.2527588624025035,0.010069443131352435
301,Tucker_Vorster,0.2523021040306235,0.007659168157156389
302,Francis_Casey_Alcantara,0.2519719520038472,0.007286885930604042
303,Andre_Gaspar_Murta,0.2518958281166777,0.010608117271886403
304,Aljaz_Radinski,0.2505930020892414,0.011042527824059614
305,Philip_Henning,0.2499185988469116,0.010421802681302673
306,Guillaume_Rufin,0.24828932027856745,0.0038943743906798165
307,Nicolas_Salama,0.2469939785756089,0.01067553702408241
308,Go_Soeda,0.24695244168543323,0.002458866281805457
309,Nutthanon_Kadchapanan,0.24577636348298673,0.010551056714848288
310,Bjorn_Fratangelo,0.2450252010601019,0.0034830312689675623
311,Coenie_Van_Wyk,0.24491035826011734,0.010335767247176683
312,Edris_Fetisleam,0.24425898209861616,0.010460381332617999
313,Francisco_Llanes,0.24343687558948154,0.010423405324168508
314,Hans_Podlipnik_Castillo,0.2430231417070225,0.008818300184372898
315,Tung_Lin_Wu,0.24211865863555906,0.01040653531769939
316,Eduardo_Schwank,0.24136634409656868,0.003324982256770678
317,Hugo_Dellien,0.23994072108851208,0.003952017364578105
318,Stephane_Robert,0.23795016377035147,0.0025069673282001855
319,Daniel_Llarenas,0.23793126578740623,0.010306662561963845
320,Daniel_Michalski,0.23730050464357327,0.010511249049636755
321,Yannick_Maden,0.23719009964500096,0.004746726411811843
322,Marco_Trungelliti,0.23653524673009993,0.004773559649914779
323,Anthony_Jackie_Tang,0.23652510226401788,0.010378436162801777
324,Janez_Semrajc,0.23578200307504238,0.009022494954523624
325,August_Holmgren,0.23449957011962216,0.01053746829019691
326,Dimitar_Kutrovsky,0.23320893979703775,0.006232178247290439
327,Chris_Brandi,0.22950032481685695,0.009260885861012228
328,Simon_Greul,0.22940777962667616,0.0038410053691447575
329,Bruno_Soares,0.2283744083219789,0.010261212823997631
330,Matwe_Middelkoop,0.2238328807261589,0.010426833859687354
331,Gian_Marco_Moroni,0.2238153156029143,0.00999589091652248
332,Enrique_Olivares,0.2212085796919073,0.010638647635983645
333,Evgeny_Donskoy,0.22093493500440242,0.0021655967920725682
334,Marat_Deviatiarov,0.22054098564744998,0.010696923439538545
335,Filip_Cristian_Jianu,0.22044715462745362,0.010654024598626653
336,Alexander_Blom,0.21986504490622719,0.007475336688068674
337,Tim_Smyczek,0.21922977933467147,0.002364861564255712
338,Soong_Jae_Cho,0.218900516217007,0.010205686100311237
339,Luka_Gregorc,0.2141311800870572,0.010476097346658667
340,Sarp_Agabigun,0.21296641470748306,0.010193243819168214
341,Tomas_Barrios_Vera,0.2128000429744015,0.010569195648310756
342,Nicolas_Xiviller,0.21233083496617483,0.010506177185662218
343,Soon_Woo_Kwon,0.2098499829241902,0.005566859167445161
344,Josselin_Ouanna,0.2069690784286038,0.006877961381014603
345,Oriol_Roca_Batalla,0.20466761016508106,0.00959861079583772
346,Nikola_Cacic,0.20373831742500237,0.009733279469495716
347,Mazen_Osama,0.20272023029840477,0.01072612987568698
348,Yohny_Romero,0.20248647607813663,0.010303880237786443
349,Gastao_Elias,0.20201702155943432,0.0029520526791323672
350,Ivan_Miranda,0.2018166256882738,0.008126325745127257
351,Rodrigo_Rappaccioli,0.2017262852677174,0.010259467213068075
352,Mantas_Bugailiskis,0.20128804977960293,0.01049510108256604
353,Michael_Lammer,0.20017891921515826,0.00603260876470071
354,Gyorgy_Balazs,0.19993274902893127,0.010261082268371817
355,Rogelio_Siller,0.19842440405486308,0.010468871320379582
356,Roberto_Quiroz,0.19789969253392214,0.00602472169061252
357,Bjorn_Phau,0.19726419951124477,0.0031619411291905976
358,Brian_Dabul,0.19686063451489014,0.0055598882842404565
359,Hsin_Han_Lee,0.19669031230362122,0.009670758830284586
360,Austin_Krajicek,0.19558806589359148,0.00429463435674067
361,Liam_Broady,0.1914062840037357,0.006354333226386756
362,Ernesto_Escobedo,0.19122699874269888,0.0039012180970176545
363,Bogdan_Borza,0.19119284996101027,0.01034884290172676
364,Marcelo_Melo,0.18965751655485064,0.010585790760374664
365,Rajeev_Ram,0.1893087224780186,0.002399372816151532
366,Jirat_Navasirisomboon,0.18810971446766303,0.007967020800474853
367,Miguel_Angel_Reyes_Varela,0.18740694427899612,0.007008829435746346
368,Nicolas_Renavand,0.1869788056183148,0.00986631711236204
369,Daniel_King_Turner,0.18560266748842177,0.006643113275828169
370,Yosuke_Watanuki,0.18426333542371356,0.008376392507940441
371,Kevin_Kung,0.1838730657166783,0.010432554618062863
372,Thomas_Oger,0.18334971498401495,0.007770017161836947
373,Juan_Pablo_Brzezicki,0.18325958999964184,0.00976732717778253
374,Lamine_Ouahab,0.18298603211100198,0.005174035071719584
375,Frederik_Nielsen,0.18147326710458883,0.003963299036981699
376,Michael_Mcclune,0.1792639274568362,0.009900841255238888
377,James_Duckworth,0.17900329778138593,0.003357221989478413
378,Vladimir_Ivanov,0.17745486121410828,0.006438201577571154
379,Hyun_Joon_Kim,0.1756101730181792,0.009123540674701986
380,Alexander_Sarkissian,0.17505450735433734,0.008136923949238227
381,Pedro_Cachin,0.17490796325277114,0.008253417826416119
382,Bastian_Trinker,0.17391510306774946,0.00944411210387767
383,Thiago_Monteiro,0.17354655250661005,0.002815256335925802
384,Ruben_Bemelmans,0.16929883999912437,0.0029592994846849565
385,Patrick_Chucri,0.16877292761617538,0.01044675685869977
386,Manuel_Sanchez,0.1680241116212249,0.006969505798383613
387,Youssef_Hossam,0.16227467148840094,0.009233413309600326
388,Joachim_Johansson,0.16205912477315826,0.007960213977522992
389,Rhett_Purcell,0.16146625666735823,0.010317179563704796
390,Holger_Rune,0.1591442330955884,0.009362692863966467
391,Kamil_Majchrzak,0.15709896271092602,0.005192191351029137
392,Tatsuma_Ito,0.15533729525677034,0.0026166115880439087
393,Flavio_Cipolla,0.15321702554818245,0.0031526283022009307
394,Marsel_Ilhan,0.15182811104733585,0.002764693218812486
395,Axel_Michon,0.1487024474472832,0.009855822628927638
396,Linh_Giang_Trinh,0.14364540816936153,0.010779143146275604
397,Mario_Ancic,0.143018634972938,0.008711141158493937
398,Maximilian_Marterer,0.142144289143538,0.0031523883752341345
399,Jose_Acasuso,0.14187309178743998,0.007874596040802985
400,Sergio_Gutierrez_Ferrol,0.1417505780767014,0.008569696779530326
401,Albano_Olivetti,0.14059194224351967,0.006076820007832784
402,Jozef_Kovalik,0.1403841382955474,0.003780738585668732
403,Aisam_Ul_Haq_Qureshi,0.13902257212281952,0.004874165676596496
404,Siu_Fai_Kelvin_Lam,0.13554701760498225,0.010526781011042267
405,Zsombor_Piros,0.13499721149524727,0.008222274124913645
406,Federico_Coria,0.13451559834883925,0.009453455362096116
407,Aldin_Setkic,0.1341442572405174,0.006027781929860712
408,Uladzimir_Ignatik,0.13064859175787139,0.004855413640489892
409,Jorge_Aguilar,0.12887309036927636,0.007183375245984122
410,Evgeny_Korolev,0.12865586202761756,0.0038406461937566185
411,Alessio_Di_Mauro,0.12725178130634188,0.01027477391482495
412,Alejandro_Gomez_Gb42,0.12574247845198558,0.010278613225525767
413,Igor_Kunitsyn,0.12468739992889218,0.0029519611791525174
414,Nam_Hoang_Ly,0.12401176784848883,0.008269148901782552
415,Stefan_Koubek,0.12263677624430548,0.007029119115810572
416,Thomas_Fabbiano,0.12119493960742665,0.002958982694123555
417,Peter_Nagy,0.11401250252732137,0.007429887340955143
418,Altug_Celikbilek,0.11238512479010296,0.007464946270984266
419,Marcos_Giron,0.1092001138212205,0.007578526112162652
420,John_Morrissey,0.10805639100737548,0.009441343648911572
421,Alex_Llompart,0.1064429176126207,0.006789987072386502
422,Ramon_Delgado,0.10470313995826729,0.008374293033170697
423,Inigo_Cervantes_Huegun,0.10313636809275536,0.0036412351259119255
424,Chun_Hsin_Tseng,0.10208493647979894,0.008794040031459775
425,Rudolf_Molleker,0.10149554308045083,0.0065719884408492035
426,Ricardo_Mello,0.09956441429559838,0.0037394347477651218
427,Young_Jun_Kim,0.098416788021243,0.009211898262891122
428,Karan_Rastogi,0.09818061133601873,0.009432207775135752
429,Gerald_Melzer,0.09737411688070484,0.003465778996887366
430,Miguel_Gallardo_Valles,0.0960914046169871,0.007258953521057752
431,Marcelo_Demoliner,0.09603690101544984,0.009687303455644093
432,Marcin_Gawron,0.09314211833043191,0.009791845403530923
433,Julen_Uriguen,0.09286398499131203,0.009941148308971949
434,Saketh_Myneni,0.09119717058520306,0.008698792917144786
435,Di_Wu,0.08834001358296145,0.0035201019060290494
436,Frank_Dancevic,0.08812321554778796,0.003419788146050595
437,Daniel_Kosakowski,0.08737479876166841,0.009325222989529052
438,Pedja_Krstin,0.08675675753397706,0.008359753023909436
439,Sergei_Bubka,0.08591717704510111,0.005629389653376
440,Colin_Fleming,0.08534556994939216,0.010015501196259182
441,Gregoire_Barrere,0.08427433050934333,0.005643498328071034
442,Patrik_Rosenholm,0.08354203718149766,0.008646648551426375
443,Ji_Sung_Nam,0.0825915399568917,0.00930770714526931
444,Stefano_Travaglia,0.0811519729733696,0.00483926282070567
445,Marco_Chiudinelli,0.08073085172632678,0.0028426035100397235
446,Stefano_Napolitano,0.07861984546080009,0.008981590701570712
447,Carlos_Salamanca,0.07616212741181103,0.009386562180619538
448,Carl_Soderlund,0.075495652997078,0.009915624946506094
449,Rogerio_Dutra_Silva,0.07504093964986322,0.002813438485439912
450,Andrea_Arnaboldi,0.07456232771424326,0.006405192384152301
451,Peter_Bertran,0.07365140684683481,0.009972653102279683
452,Louis_Wessels,0.07183446078678367,0.009756640291045261
453,Khumoun_Sultanov,0.06978367089012597,0.009874643398737561
454,Jimmy_Wang,0.06875537504652102,0.004669582256687179
455,Palaphoom_Kovapitukted,0.06711814019192178,0.008406732185698679
456,Carsten_Ball,0.06660256870868693,0.0060198100354179225
457,Caio_Zampieri,0.06596720602593407,0.009316925954822837
458,Mikael_Torpegaard,0.06578864407733044,0.00803022116945893
459,Tallon_Griekspoor,0.06495836953950512,0.008655258165723595
460,Jurgen_Zopp,0.06479519637639325,0.00332315974067047
461,Jan_Hajek,0.06436005909817684,0.0029342782865877264
462,Aqeel_Khan,0.06350606128210036,0.004578882393102639
463,Andrew_Whittington,0.06301087313028639,0.008407523394306808
464,Colin_Obrien,0.0578940808331166,0.009779496512770193
465,Daniele_Bracciali,0.05756938966437694,0.0095810418737809
466,Jesse_Levine,0.057182267714498,0.0037616510484308435
467,Gianluca_Mager,0.05691398442526654,0.008978782387931282
468,Christian_Garay,0.05649233825141286,0.008309545286042818
469,Miljan_Zekic,0.05590726555636726,0.009417091490174731
470,Jenson_Brooksby,0.05431480553610464,0.0101122121958194
471,Vimuktha_De_Alwis,0.05388111640079667,0.009568099314007485
472,Guido_Andreozzi,0.053275569112841356,0.004176581235898697
473,Barry_King,0.04853050043308485,0.00889407435785154
474,Frederico_Ferreira_Silva,0.045944814040772566,0.007203022539837676
475,James_Ward,0.04473065113600609,0.0030808977645883436
476,Nicola_Kuhn,0.044689034127846465,0.007870637362985078
477,Carlos_Taberner,0.04147878502548142,0.009315608235845832
478,Alessandro_Giannessi,0.03878925659899051,0.004526057667794976
479,Cesar_Ramirez,0.03759354925392064,0.005903090827702405
480,Tim_Puetz,0.03633609337106438,0.009147777575895806
481,Joao_Souza,0.03282354936713922,0.0029860676748972334
482,Jhonson_Garcia,0.03206086398962272,0.008469830098246903
483,Rafael_Arevalo,0.031325536585645845,0.005520202601728826
484,Younes_El_Aynaoui,0.0307881556142965,0.009729292441453888
485,Julian_Reister,0.0300334709067115,0.0036964624922545654
486,Miguel_Angel_Este,0.026543127835853383,0.010188226395880214
487,Kenny_De_Schepper,0.024682532961869882,0.0028870431942975023
488,Sebastian_Rieschick,0.023119139964762888,0.009570075563112332
489,Pedro_Sousa,0.02128906848299156,0.004830391129011661
490,Kuan_Yi_Lee,0.02065881584155816,0.008877079532495575
491,Michael_Mmoh,0.020143349076813494,0.005141512763938996
492,Prakash_Amritraj,0.0189048339115597,0.007915341454505934
493,Dominik_Meffert,0.018170620782289773,0.009295335760203288
494,Louk_Sorensen,0.017131539777559553,0.007862195419164653
495,Blaz_Rola,0.016146425249493078,0.004220192049265618
496,Filippo_Volandri,0.01362215376637742,0.002519247197895597
497,Benjamin_Bonzi,0.01327619025394716,0.009733892761817055
498,Peter_Bothwell,0.011909391407526823,0.00946313499548859
499,Marcus_Daniell,0.011879813070617636,0.009474933670844008
500,Philipp_Oswald,0.01154175115450449,0.009161896855418518
501,Arthur_De_Greef,0.010239389514713095,0.0073814584525561935
502,Jonathan_Mridha,0.009386103517955895,0.009367005536910899
503,Yassine_Idmbarek,0.008838596426002734,0.00667106236033234
504,Petar_Jelenic,0.007672215501607283,0.009851090597739375
505,Michael_Yani,0.007551955807431406,0.006302418763324796
506,Hiu_Tung_Yu,0.007343056761878632,0.0074893582750554894
507,Thomas_Schoorel,0.007146463278706272,0.007563896103901089
508,Aleksandre_Metreveli,0.0071205326419120476,0.009708173528720119
509,Jorge_Brian_Panta_Herreros,0.005528171387690946,0.008384696276248457
510,Ajeet_Rai,0.005346551041676905,0.00977072025129424
511,Duilio_Beretta,-0.0016378237242919303,0.0057528925916910225
512,Bobby_Reynolds,-0.0032324751478320225,0.00547350558439305
513,Duck_Hee_Lee,-0.003913385440104109,0.009136599234708746
514,Martin_Sayer,-0.003971951540067595,0.008614510723370376
515,Andis_Juska,-0.0074575252464161215,0.005732558245142125
516,Younes_Rachidi,-0.008292433389916181,0.008424069524913343
517,Raven_Klaasen,-0.009052373401481944,0.007231456877088929
518,Daniel_Altmaier,-0.009331797244257057,0.0076518173188268816
519,Corentin_Moutet,-0.009491573322059767,0.004816819534634653
520,Kittipong_Wachiramanowong,-0.009563748305418432,0.0049080119510963825
521,Alen_Avidzba,-0.012003088111892806,0.009874957582166522
522,Minh_Quan_Do,-0.015995181248017364,0.010346910971116107
523,Benjamin_Balleret,-0.01700475755886886,0.004566968588943446
524,Artem_Sitak,-0.018347855691335183,0.006675165143116358
525,Rhyne_Williams,-0.019308789027331002,0.005284999713968212
526,Christian_Sigsgaard,-0.01987599103243415,0.008967489900709127
527,Ervin_Eleskovic,-0.01987662820691602,0.00929404176943806
528,Fritz_Wolmarans,-0.021166678485668684,0.007801387681466679
529,Pierre_Ludovic_Duclos,-0.02378446445498168,0.008962871500796032
530,Viktor_Galovic,-0.023817428512518796,0.007062613201066664
531,Peerakiat_Siriluethaiwattana,-0.024063947053430127,0.008577380238973009
532,Omar_Jasika,-0.024805230635470986,0.008749495933848753
533,Noah_Rubin,-0.025112060172937902,0.005427818951693061
534,Gonzales_Austin,-0.027947734345682675,0.009820074883724241
535,Jamie_Baker,-0.02897392293517656,0.006513876399890714
536,Nicholas_Sayer,-0.02944398960273022,0.008702035105624922
537,Hans_Hach_Verdugo,-0.029720190574520453,0.009591326800417112
538,Juan_Carlos_Ramirez,-0.03161930845014661,0.008802336732526837
539,Hong_Kit_Jack_Wong,-0.031915306130510995,0.008890395451522785
540,Alejandro_Gonzalez,-0.032871888562366766,0.003583296791155706
541,Phillip_King,-0.033661878721734866,0.008519258979804416
542,John_Bryan_Decasa_Otico,-0.03383424802380531,0.008835408570285943
543,Markus_Eriksson,-0.03385489670084152,0.005901867225112721
544,Deniss_Pavlovs,-0.03501590991276058,0.008454569452888368
545,Dennis_Novikov,-0.03632340819729565,0.00592884774967758
546,Gonzalo_Escobar,-0.03662360143530818,0.006953722406295651
547,Treat_Conrad_Huey,-0.03731284510045218,0.006298983354821344
548,Oscar_Otte,-0.03833536154509986,0.007939851923839442
549,Jay_Clarke,-0.039621786235706016,0.007364494486876681
550,Mathias_Bourgue,-0.043297653036287874,0.009405471684616458
551,Elliot_Benchetrit,-0.045778766204973474,0.00889210273742366
552,Rui_Machado,-0.05053845975236601,0.003512617538395719
553,Vincent_Millot,-0.052428608937450744,0.004687835214143796
554,Nils_Langer,-0.05698941458693982,0.009343038460715642
555,Facundo_Bagnis,-0.05703667884213049,0.0034670166242493088
556,M_Abid_Ali_Khan_Akbar,-0.057202718674392077,0.008730147035120346
557,Yibing_Wu,-0.05944815331316269,0.006479549582390633
558,Piero_Luisi,-0.06062445139340311,0.008023217225913978
559,Farrukh_Dustov,-0.06174398774511327,0.005362956978969432
560,Zdenek_Kolar,-0.062105240759969725,0.010676606411162857
561,Christopher_Diaz_Figueroa,-0.06605573330915913,0.005430719860358613
562,Evgeny_Kirillov,-0.06658595904588124,0.01109163186996044
563,Alexey_Vatutin,-0.06752546724606508,0.008158476996679704
564,Denis_Gremelmayr,-0.06947215469924788,0.0060707585563473275
565,Bastian_Knittel,-0.07013743067352539,0.00857792029110317
566,Michael_Venus,-0.07030148357576008,0.0048521179035080795
567,Jan_Satral,-0.07062829509575279,0.00874359978309315
568,Marco_Crugnola,-0.07066595008551319,0.011127536683863397
569,James_Mcgee,-0.07294142723727512,0.005423122695744422
570,Peter_Luczak,-0.07338568617768755,0.004295717412973362
571,Scott_Griekspoor,-0.07503539802867652,0.01072329889029608
572,Benjamin_Hannestad,-0.07521890053535184,0.00896321646858767
573,Laurent_Bram,-0.07765677755078632,0.008630717441664092
574,Philip_Davydenko,-0.07795286313127207,0.009144551067267626
575,Fabrice_Santoro,-0.0784126146945668,0.010628628066599524
576,Luis_Delgado,-0.07882680813687956,0.009757576969747892
577,Andrea_Basso,-0.07926581442064146,0.010774528877855764
578,Dominik_Hrbaty,-0.07938606754401581,0.010332945029817141
579,Franko_Skugor,-0.08321931670326128,0.004802601033440625
580,Rik_De_Voest,-0.08481882026284865,0.004573794699882495
581,Blake_Mott,-0.0850208696507152,0.010735139270908686
582,Maxim_Dubarenco,-0.08535195414923422,0.006065067505510126
583,Pablo_Galdon,-0.0853840299589894,0.010219186388494225
584,Soren_Wedege,-0.08564662432237034,0.00949804075392519
585,Chuhan_Wang,-0.08685283149347847,0.00930089823269696
586,Adrian_Ungur,-0.0899541757631562,0.0035738643519372783
587,Kyu_Tae_Im,-0.09090756420832313,0.009157434448185627
588,Peter_Polansky,-0.09163184383319362,0.003976661109829343
589,Bradley_Klahn,-0.09191654036854965,0.003792842799480048
590,Yannick_Mertens,-0.092296347363302,0.00906226726556594
591,Alex_Diaz,-0.09311214607950807,0.008675924040913979
592,Wilfredo_Gonzalez,-0.09463659285364213,0.0072021076274018095
593,Conor_Niland,-0.09579695775742002,0.006352656571819411
594,Jaak_Poldma,-0.09644151760343059,0.007467894014274345
595,Daniel_Smethurst,-0.09809660574137487,0.010676929251455112
596,Herkko_Pollanen,-0.09815960554614377,0.00930463034521508
597,Germain_Gigounon,-0.09855399524347723,0.010303847217082432
598,Guillermo_Rivera_Aranguiz,-0.09909206479537025,0.010536115546346507
599,Florin_Mergea,-0.10023069239566577,0.010420922536941327
600,Alexander_Slabinsky,-0.10039284801128559,0.010627254852147518
601,Ivan_Endara,-0.10077132872384752,0.006493708361096101
602,Evan_King,-0.1012494596492654,0.008983713033936403
603,Yan_Bai,-0.10239735331278377,0.007794291474915606
604,Abdullah_Maqdas,-0.10246544218583327,0.007088208566873782
605,Boris_Pashanski,-0.10283723218701558,0.01086050531587596
606,Jose_Rubin_Statham,-0.10394874217115814,0.004407610277948303
607,Vladyslav_Manafov,-0.1048149222039263,0.00919702723218719
608,Alexander_Kudryavtsev,-0.10523575159688552,0.006903807728601614
609,Lukas_Dlouhy,-0.10637239750498158,0.009817706748671447
610,Laurynas_Grigelis,-0.1090366024746013,0.004620061655316969
611,Alejandro_Davidovich_Fokina,-0.1094710397839629,0.006988381154233921
612,Bernabe_Zapata_Miralles,-0.1116243595422269,0.008844233751041354
613,Alexandre_Sidorenko,-0.11164657462975691,0.007892716173570225
614,Miloslav_Mecir_Jr,-0.11234639491749501,0.00876448469923712
615,Guillermo_Alcaide,-0.11248022932264255,0.010201314063136435
616,Evgenii_Tiurnev,-0.1126517783692449,0.01013271893976837
617,Devin_Britton,-0.11520419916015819,0.010670665534200005
618,Rohan_Bopanna,-0.11624549066790477,0.006353007946714828
619,Rodrigo_Banzer,-0.11637479887035705,0.009855149763596874
620,Oliver_Marach,-0.11662111671615305,0.00901611921428783
621,Andreas_Beck,-0.11717840575059786,0.004094634590517638
622,Denys_Molchanov,-0.11963398203462824,0.008761849279181668
623,Prajnesh_Gunneswaran,-0.11964496913027178,0.004903334099900939
624,Mousa_Shanan_Zayed,-0.12098016049538103,0.010823592972250712
625,David_Szintai,-0.12201417263416753,0.010660024674953524
626,Jui_Chen_Hung,-0.12232060098671105,0.007027537142731734
627,Gianni_Mina,-0.12353357581461893,0.008875410741711972
628,Tristan_Lamasine,-0.12441281573086475,0.007845152681904865
629,Alexander_Peya,-0.12460433892167398,0.008530525214488716
630,Arnau_Brugues_Davi,-0.12638515729648106,0.009187111415075023
631,Aleksandar_Vukic,-0.1264696654274819,0.010531141137643675
632,Jose_Benitez,-0.12726618015231622,0.009582257983215785
633,Ze_Zhang,-0.12937729108147084,0.003606548516164269
634,Marin_Draganja,-0.12964523092806762,0.010362455730108277
635,Seong_Chan_Hong,-0.1305255824431457,0.008092943937032727
636,Patrick_Tierro,-0.13066415528285086,0.008076071762950447
637,Dimitar_Grabuloski,-0.13167835741142467,0.009462512656328142
638,Santiago_Gonzalez,-0.13315932403119665,0.008599408131816482
639,Sunu_Wahyu_Trijati,-0.13338764156880403,0.008060477640397393
640,Jason_Jung,-0.13382507029199228,0.005956083483716312
641,Robert_Lindstedt,-0.1346779025261617,0.010313895347294232
642,Kimmer_Coppejans,-0.13475830426465968,0.00659046532520399
643,Antonio_Veic,-0.13488754153794813,0.004646976457594889
644,Matt_Reid,-0.1350143367612626,0.010603974625155816
645,David_Vega_Hernandez,-0.13664195459794581,0.010563435633958503
646,Gorka_Fraile,-0.13665270470536536,0.010663760859902746
647,Johnny_Arcilla,-0.13774304813810176,0.007247765924429017
648,Raymond_Sarmiento,-0.1403114581868412,0.010380602056747703
649,Marko_Tepavac,-0.14051283881994123,0.010145823857899519
650,Quentin_Halys,-0.1410205328720062,0.005486329336341298
651,Ilya_Belyaev,-0.14128691784628744,0.010505132678488812
652,Marc_Andrea_Huesler,-0.1429900503497164,0.008214886164689739
653,Predrag_Rusevski,-0.14341019671979302,0.009073673618630698
654,Phillip_Simmonds,-0.14410396720565563,0.010057076580586943
655,Luis_David_Martinez,-0.14455685485942651,0.005908190409512191
656,Vishnu_Vardhan,-0.14462261393390088,0.00879367070760785
657,Martin_Emmrich,-0.1447261352080421,0.010354809636094907
658,Nicolaas_Scholtz,-0.1449300082816165,0.006177454337250056
659,Jose_Hernandez,-0.14512675134654746,0.005459465503505429
660,Hiroki_Moriya,-0.1454398113230202,0.007425632561741831
661,Adam_Kellner,-0.14580690021516313,0.007046121566717743
662,Marc_Abdulnour,-0.14700031686275328,0.0074830295233140115
663,Christian_Harrison,-0.14744015845934058,0.007357944802497943
664,Jung_Woong_Na,-0.1474549664621917,0.010283760579122989
665,Jean_Segodo,-0.14823419965912987,0.01072592506212929
666,Victor_Baluda,-0.14875270966707985,0.010521147711943143
667,Guillermo_Olaso,-0.15173834385489643,0.008250569748143255
668,Julio_Silva,-0.15373951329653762,0.010155729950752
669,Mauricio_Doria_Medina,-0.1537510855065921,0.009292728805836844
670,Guillermo_Hormazabal,-0.15447144336767957,0.010593671383557665
671,Clay_Thompson,-0.1549110489180024,0.01014136816691026
672,Filip_Peliwo,-0.15507596556544506,0.007559557683609004
673,Ryan_Shane,-0.15584182576327765,0.010042083628165563
674,Kevin_Kim,-0.1564712675803957,0.008895161899462092
675,Brendan_Evans,-0.15660949649033873,0.008918798359251247
676,Olivier_Sajous,-0.15681074306606116,0.007563181825956089
677,Alexander_Sadecky,-0.1571168836416735,0.008964896678404492
678,Nicolas_Kiefer,-0.15774235029019415,0.009261961164099686
679,Emil_Reinberg,-0.157929286836312,0.010345068329926117
680,Danylo_Kalenichenko,-0.15860844981829825,0.01039530738169539
681,Mats_Moraing,-0.15922672109817892,0.010566221680544831
682,Kevin_Krawietz,-0.1596007153958517,0.00916359625342403
683,Martin_Vaisse,-0.1601881406074886,0.010250365128054483
684,Santiago_Maresca,-0.16076452551644252,0.00830661682220885
685,Johan_Nikles,-0.16117717311609175,0.010735190961146198
686,Joris_De_Loore,-0.1615401320612457,0.008765077624217122
687,Mykyta_Mashtakov,-0.16162299774981215,0.010509928013760432
688,Eric_Quigley,-0.1620482897216086,0.010714792725652018
689,Nikola_Mektic,-0.16287247612153496,0.006920567197002526
690,Martin_Pedersen,-0.16319713874089245,0.005966107161132044
691,Antso_Rakotondramanga,-0.16325146774801738,0.007465191720552204
692,Ti_Chen,-0.16330443400818279,0.005836745039912765
693,Robert_Farah,-0.16343669186226545,0.006426434084586294
694,Andrei_Ciumac,-0.16389081251974186,0.010443679657275974
695,Julian_Knowle,-0.16396658358465108,0.010438873444437507
696,Chris_Guccione,-0.16520398827135893,0.006818180686889029
697,Enrique_Lopez_Perez,-0.16565689539285922,0.01063718375312552
698,Soren_Hess_Olesen,-0.16570248764545625,0.00823956739065877
699,Sebastian_Decoud,-0.16627256311311822,0.010168618763503801
700,James_Lemke,-0.1666716494884039,0.010487128841487605
701,Sebastien_Grosjean,-0.16694759330623407,0.009101614963067611
702,Andres_Artunedo_Martinavarro,-0.16698249748522564,0.010652064755028789
703,Alexander_Donski,-0.16702251573034999,0.010385619419199443
704,Boy_Westerhof,-0.1677006718109858,0.00992785806681247
705,Pere_Riba,-0.16786709043004108,0.003163362701146472
706,Mikhail_Biryukov,-0.1689583504257563,0.010612568927392476
707,Dusan_Lojda,-0.16954908212509845,0.0103457822361588
708,Sanam_Singh,-0.1699213069009407,0.008837953923714425
709,Augustin_Gensse,-0.16997287103712955,0.010241948692144861
710,Austin_Smith,-0.17011000395761347,0.010512348191735528
711,Syed_Mohd_Agil_Syed_Naguib,-0.17027538398244996,0.01090402442193079
712,Francisco_Cerundolo,-0.17073816646725964,0.010716804335299734
713,Chase_Buchanan,-0.1709559974179054,0.010298726122367544
714,Marc_Gicquel,-0.17253039596037825,0.00506728618478894
715,Manuel_Castellanos,-0.17339806628682647,0.01066068292965047
716,Andy_Ram,-0.17393420090479647,0.01047923097460621
717,Milos_Sekulic,-0.17482791053910218,0.010322845468754087
718,Lars_Poerschke,-0.17523380133319433,0.010301295104096213
719,Marc_Lopez,-0.17556439020694622,0.007864082042039276
720,Gianluigi_Quinzi,-0.1760006943927336,0.008650438577146707
721,Duilio_Vallebuona,-0.1768597054019716,0.010403361090734961
722,Bowen_Ouyang,-0.1769449226491941,0.010488861660162746
723,Evgeny_Karlovskiy,-0.1771017198943864,0.010355183795162188
724,Alexis_Klegou,-0.17721140633055843,0.008494410883390511
725,Kenneth_Raisma,-0.17735139003054798,0.010468151197400048
726,Artem_Dubrivnyy,-0.17738261349951345,0.010089904974898353
727,Oliver_Anderson,-0.1779875984442032,0.010242740379331594
728,Vincent_Spadea,-0.17806633648096237,0.010335895231430019
729,N_Vijay_Sundar_Prashanth,-0.17854379429417047,0.010345289172612439
730,Filip_Veger,-0.17865238587512983,0.010406196908476063
731,Andrei_Daescu,-0.17920881073029624,0.010548514840077938
732,Gleb_Sakharov,-0.17958498132706188,0.008647503589535739
733,Steven_Diez,-0.17969899630851932,0.007843988408591176
734,Soteris_Hadjistyllis,-0.17974839918071384,0.010388115492256213
735,Jean_Rene_Lisnard,-0.18007372589541928,0.006137718950775456
736,Lofo_Ramiaramanana,-0.18038061772751002,0.009072967597113825
737,Ergi_Kirkin,-0.18065868587241243,0.010351925081844396
738,Eleftherios_Christou,-0.18066436277366274,0.010628587119004104
739,Rayane_Roumane,-0.18117697087137097,0.010106453351667348
740,Roberto_Marcora,-0.18147610352520704,0.010595993667725923
741,Kristijan_Mesaros,-0.18157367651568365,0.01066787746682895
742,Abd_Hazli_Bin_Zainuddin,-0.18194603903071663,0.010104854585363946
743,Filip_Horansky,-0.18233079523706405,0.008624156640001582
744,Yaraslav_Shyla,-0.18239171120015704,0.007731173220333541
745,Simon_Aspelin,-0.18239458032715997,0.010428589870780918
746,Loic_Didavi,-0.18242386398481597,0.01006911690309667
747,Jose_Perdomo,-0.1828780217147625,0.010362659682348396
748,Daniel_Munoz_de_la_Nava,-0.18299172944078265,0.004489811309079622
749,Josko_Topic,-0.1831014880930731,0.010402353537617266
750,Jae_Min_Seol,-0.18341353881915137,0.010316841469911407
751,Leonardo_Tavares,-0.18355206369649285,0.008974351453515954
752,Nicolas_Meister,-0.1835873618756602,0.010084934330387041
753,Daniel_Alejandro_Lopez_Cassaccia,-0.18440949804498394,0.007193301460014686
754,Christopher_Kas,-0.18442574256775593,0.010433295478496153
755,Dimitar_Kuzmanov,-0.184816321517306,0.0056343261828991995
756,Edward_Corrie,-0.1849244564889858,0.010305442387715835
757,Cheng_Yu_Yu,-0.18522774850576115,0.010377612501032713
758,Kyle_Johnson,-0.18563105364333654,0.010493446344907897
759,Matthew_Foster_Estwick,-0.18796026712294578,0.010193988598238406
760,Yshai_Oliel,-0.1882854565193649,0.009229115776076408
761,Juan_Enrique_Crosa,-0.1885502102430899,0.01060798798521076
762,Roman_Recarte,-0.1886084101704755,0.008214843549424212
763,Patrick_Ciorcila,-0.18910683859025165,0.010768277625593042
764,Nick_Hardt,-0.18945410542757013,0.010239345570385545
765,Jonathan_Eysseric,-0.189824957842047,0.01048677820220878
766,Carlos_Moya,-0.19013527193727223,0.007370584223130668
767,Egor_Matvievici,-0.1904129886412409,0.010385172359070877
768,Dmitrii_Baskov,-0.19097678267584733,0.010338499255461315
769,Gregoire_Burquier,-0.1910861910920327,0.010329134120316236
770,Botic_Van_De_Zandschulp,-0.19122605883076427,0.010166015482667889
771,Yusuke_Takahashi,-0.19191958625044217,0.010429548718862917
772,Francisco_Yim_Kim,-0.19288657302001272,0.01069621616949808
773,Jiri_Lehecka,-0.1929333996901343,0.01022163515456342
774,Justin_Lunn,-0.1931687986066803,0.010043665905790453
775,Romain_Bogaerts,-0.1935466726535775,0.0107076239070511
776,Bruno_Britez,-0.19378844377801743,0.009089140155020775
777,Thomas_Kromann,-0.1939475697334728,0.00902696067167693
778,Jan_Choinski,-0.19680141825069558,0.010626267437706602
779,Diego_Hidalgo,-0.1969070468645338,0.010309297263988793
780,Maximo_Gonzalez,-0.19759384603446956,0.004033702780121947
781,Ivan_Navarro,-0.1980336931203003,0.006405929844235082
782,Sebastian_Korda,-0.198072457698428,0.010318970510299104
783,Dzmitry_Zhyrmont,-0.19865982157950934,0.005544233326917033
784,Carlos_Gomez_Herrera,-0.1998894720492346,0.010281888261510028
785,Matteo_Viola,-0.20009059639683743,0.006101676688033755
786,Adam_Moundir,-0.20070823274989158,0.010401375860381116
787,Roberto_Ortega_Olmedo,-0.201977722094385,0.010329622859767405
788,Marco_Aurelio_Nunez,-0.20246270075146297,0.010348932008712964
789,Kasparas_Zemaitelis,-0.20297144635919073,0.010341008704141216
790,Cole_Gromley,-0.20306683653511812,0.01050183884069593
791,Elias_Ymer,-0.20313645601077165,0.003477397240913465
792,Mattias_Siimar,-0.20324756408182693,0.010507093519854736
793,Giovani_Samaha,-0.20361237050268507,0.01042731599179435
794,Gabriel_Moraru,-0.20415744693348717,0.010200093821308728
795,Abdulla_Hajji,-0.2045458163761114,0.010265051280573348
796,Nik_Razborsek,-0.20481267485897603,0.009215300580820086
797,Jeevan_Nedunchezhiyan,-0.20816293050286536,0.010316315581363818
798,Dieter_Kindlmann,-0.20957145717679154,0.010134412349941843
799,Joao_Menezes,-0.21108717591392134,0.010338396785524822
800,Emilio_Nava,-0.2111240462814122,0.010140799671333457
801,Alessandro_Bega,-0.2126814702281934,0.010042255717343697
802,Kevin_King,-0.21318371349184334,0.008788007907660354
803,Daniel_Masur,-0.21438208977151077,0.008629760196214508
804,Nikolai_Fidirko,-0.21551029173261022,0.01028440757471613
805,Mitchell_Krueger,-0.2156929974135253,0.007697027122184383
806,Sekou_Bangoura,-0.21716900813567855,0.010265473600242148
807,Walter_Trusendi,-0.217368889799049,0.010146696335648443
808,Marvin_Moeller,-0.21958543296028973,0.009869105653461465
809,Mao_Xin_Gong,-0.2197811199476317,0.0086976455230115
810,Nicolas_Mejia,-0.2198178163851708,0.010334754440788126
811,Soufiane_El_Mesbahi,-0.22005143606894678,0.010765264424292988
812,Max_Purcell,-0.22330501357873941,0.009984667309740552
813,Gaston_Gaudio,-0.22395623492344727,0.010340391563301488
814,Alexios_Halebian,-0.2244441729403429,0.01003185924176249
815,Diego_Junqueira,-0.22449345943122812,0.006221715508560769
816,Nathan_Pasha,-0.225319577422707,0.01044946514382452
817,David_Marrero,-0.22559902215217312,0.009395108861004276
818,Roman_Safiullin,-0.22574093030791487,0.010406342525332433
819,Geoffrey_Blancaneaux,-0.22623359043045224,0.010359744917756715
820,Xin_Gao,-0.22759425040892087,0.010221698067939225
821,Andreas_Bjerrehus,-0.22759929736638887,0.010232561818210738
822,Mohamed_Safwat,-0.22788908722554338,0.005039648991094468
823,Luis_Patino,-0.22827963809397717,0.007283098152656254
824,Norbert_Gombos,-0.2298805895920087,0.004716693001801145
825,Alex_Fairbanks,-0.23057107883851438,0.010120951239006425
826,Rameez_Junaid,-0.2305949934932935,0.010384652283639113
827,Yann_Marti,-0.23091969798613435,0.008023994250950205
828,Zachary_Svajda,-0.23191186209956452,0.01039860623249689
829,Brayden_Schnur,-0.23276484062974884,0.006102452916476826
830,Hicham_Khaddari,-0.23311534639378703,0.008559851644972562
831,Laurent_Recouderc,-0.2338012427717781,0.008401869379102896
832,Pedro_Sakamoto,-0.23424945111140597,0.010427230202818804
833,Sebastien_Vidal,-0.2346066768770982,0.00900961212800225
834,Ya_Nan_Ma,-0.2355525800920723,0.010507460308558866
835,Luca_Vanni,-0.2358266786502622,0.005616155040302406
836,Marcin_Matkowski,-0.23716384660792425,0.010609707545308118
837,Constantinos_Ioannides,-0.23767224061435246,0.010465266054021467
838,Juan_Lugo,-0.23769249015433014,0.010403995732962506
839,Johann_Coles,-0.2379694997345236,0.01033374593153778
840,Suk_Young_Jeong,-0.23852431506535401,0.006576750090661749
841,Matteo_Trevisan,-0.2387470156616926,0.010042360784429863
842,Nour_Nehme,-0.23901346766594966,0.010258572206525046
843,Luke_Saville,-0.23977313189866908,0.008127339606591679
844,Paulo_Carvallo,-0.24034529785165035,0.010172490418346862
845,Philip_Bester,-0.24040714959199694,0.008415259095775951
846,Xavier_Lawrence,-0.24042075548404734,0.01039280273186111
847,Mohd_Assri_Merzuki,-0.24135304076777403,0.009066340447057801
848,Gabriel_Donev,-0.2422271980793184,0.010539160232362595
849,Dennis_Lajola,-0.2426798747634575,0.010182240818783784
850,Paul_Capdeville,-0.24270808874670943,0.00488536096442619
851,Ben_Patael,-0.24319951810987217,0.010235669849916895
852,Karim_Mohamed_Maamoun,-0.24539996920799173,0.00674201481279441
853,Sebastian_Dominguez,-0.24570825686023506,0.010315410862699988
854,Nerman_Fatic,-0.2460632729828842,0.008320605060588755
855,Amir_Hossein_Badi,-0.24639426488495697,0.010339688640266128
856,Federico_Gaio,-0.24690095299289674,0.007112201434718999
857,Filip_Prpic,-0.24695858180808689,0.008496061745224109
858,Pak_Long_Yeung,-0.2476221222617503,0.010275637114450802
859,Tomislav_Jotovski,-0.24765170140118506,0.010568032729580375
860,Cheuk_Wai_Hui,-0.24834546947929165,0.010452093083145571
861,Romain_Radwan,-0.24865655897903288,0.010369166761524986
862,Tom_Diederich,-0.24945741136246122,0.010430816492704154
863,Tomislav_Ternar,-0.2496088186790588,0.009174168992933286
864,Julian_Lenz,-0.2504131087726581,0.010047927174702462
865,Yassir_Kilani,-0.25060143334803464,0.010615942007918969
866,Alex_Bolt,-0.2508218552197535,0.006491332331112124
867,Blake_Strode,-0.25090676962095615,0.01031482652573748
868,Adolfo_Daniel_Vallejo,-0.25136214718157374,0.010397116001727269
869,Ante_Pavic,-0.25155364302358285,0.006743614437046354
870,Kento_Takeuchi,-0.2519297036277741,0.010147825819233004
871,Adrian_Forberg_Skogeng,-0.2524788300393738,0.010580180876104652
872,Charalampos_Kapogiannis,-0.25311419126868434,0.010134152540578891
873,Menelaos_Efstathiou,-0.2533533865074737,0.010483235439659408
874,Romain_Jouan,-0.2539560492385437,0.010676526164940008
875,Tunde_Segodo,-0.2548852319001045,0.010271856712100845
876,Mark_Chigaazira,-0.2548925605184831,0.01043789956534157
877,Rami_Osman,-0.2556107351978014,0.010502455234899403
878,Christopher_Eubanks,-0.2567751800234246,0.00621504373263761
879,Nicholas_Campbell,-0.2568464238913391,0.010354281437943454
880,Rodrigo_Arus,-0.2569611038020406,0.009306447883566453
881,Dean_Obrien,-0.2580697557618356,0.009886220549950777
882,Claudio_Dias_Conduto,-0.25826306598224436,0.010306006474411013
883,Ismar_Gorcic,-0.2588651884012375,0.009304760092912905
884,Brandon_Perez,-0.25903141229357207,0.010539806337382662
885,Darko_Bojanovic,-0.2599629103784534,0.01033212309726178
886,Andre_Ghem,-0.26015921111144813,0.008491272065395452
887,Constant_Lestienne,-0.2601715534899112,0.008561146767431986
888,Jesse_Witten,-0.26111492908020423,0.00971130571201475
889,Alastair_Gray,-0.2612485936398413,0.009997632886315078
890,Michal_Przysiezny,-0.26149546041760197,0.003375174363614341
891,Karim_Hossam,-0.2618440346410546,0.009999996748844222
892,Stanislav_Vovk,-0.2619252671036717,0.010203434630543507
893,Michael_Ryderstedt,-0.26284195119058357,0.00693514273610894
894,Dawood_Sayed_Hashim,-0.2636955955127048,0.010251838291132284
895,Hei_Yin_Andrew_Li,-0.2638540381347442,0.01070043486914926
896,Sebastian_Arcila,-0.26386433101225315,0.009165462765079915
897,Michel_Saade,-0.2648040791869978,0.010413044531637316
898,Orlando_Luz,-0.26581613037057994,0.01056252921330252
899,Gianluca_Naso,-0.2663726695502827,0.008553255196582706
900,Julien_Cagnina,-0.2668091004239301,0.010559212073307732
901,Min_Hyoek_Cho,-0.2685282295533082,0.007902603511928449
902,Mate_Pavic,-0.2687581806409598,0.006506234993287419
903,Quang_Huy_Ngo,-0.26946618004509093,0.010222295031169233
904,Ainius_Sabaliauskas,-0.2696612548422607,0.010259166829101352
905,Amine_Ahouda,-0.2702812198803482,0.00808747530577685
906,Yew_Ming_Si,-0.27076642870473067,0.009160097544926983
907,Robert_Kendrick,-0.2710083703627115,0.006361846386850491
908,Jason_Kubler,-0.271073537038716,0.00758284904719364
909,Riccardo_Bellotti,-0.27141949637003565,0.010453947167552375
910,Wai_Yu_Kai,-0.27153074197068205,0.010666847101377334
911,Sami_Ghorbel,-0.2717924537563662,0.010359106131982586
912,Mikhail_Elgin,-0.27241192663387187,0.010005611429221798
913,N_Sriram_Balaji,-0.27273983785660677,0.010339339910632663
914,Alberto_Lim,-0.27293778650568457,0.00757443437301307
915,Peter_August_Anker,-0.2745147966387658,0.010105094532910917
916,Greg_Jones,-0.2747067504881147,0.008430152245145973
917,Rodrigo_Senattore,-0.27502931372492145,0.009295863088092587
918,Kornel_Bardoczky,-0.27543191551129104,0.010346976576376034
919,Toni_Androic,-0.27601469330974127,0.010050840573960773
920,Alex_Bogdanovic,-0.27609614558996737,0.009676423134798346
921,Jeson_Patrombon,-0.2768634604016828,0.006199101336362861
922,Jose_De_Armas,-0.27724005933464335,0.010166864573483932
923,Fred_Simonsson,-0.2773468576132393,0.010178193800376526
924,Hernando_Jose_Escurra_Isnardi,-0.2774412035366063,0.010194947537695717
925,Juan_Sebastian_Vivanco,-0.27766810236060696,0.01058231122827498
926,Samir_Iftikhar,-0.2785281349464021,0.007994019513751753
927,Dac_Tien_Nguyen,-0.27875954534739766,0.010320895926451143
928,Irakli_Metreveli,-0.2797397111190691,0.010369674619073982
929,Ignacio_Garcia,-0.28018210619661177,0.009503625865796957
930,Fabiano_De_Paula,-0.28020935119967044,0.01049111254163009
931,Dominic_Inglot,-0.2805826421904709,0.009802014351780967
932,Valentin_Dimov,-0.28125561649630126,0.010160009061554275
933,Alejandro_Mendoza,-0.28166476584488986,0.010136740218173047
934,Illia_Biloborodko,-0.28172710609834123,0.010062961568106165
935,Muzammil_Murtaza,-0.28303974423254236,0.010145892896988277
936,Hugo_Gaston,-0.2831626392379004,0.010073507469979445
937,Darius_Florin_Bragusi,-0.2848883526530353,0.01036940574838821
938,Giorgi_Javakhishvili,-0.2855536274665471,0.010349117755359202
939,Alexander_Merino,-0.285624487262421,0.010297203395163946
940,Felipe_Rios,-0.28572128801248603,0.010381531194004916
941,Kasidit_Samrej,-0.28635752580099927,0.010312693512373692
942,Marco_Antonio_Rojas,-0.28643471205980164,0.010652593087250929
943,Jean_Andersen,-0.2867606596874248,0.009866027060861935
944,Fitriadi_M_Rifqi,-0.2869349160921172,0.010086839151261474
945,Collin_Altamirano,-0.2874336080439692,0.009971237316411068
946,Alibek_Kachmazov,-0.28786263193603917,0.010316525412911018
947,Nick_Van_Rosberg,-0.2886874591768765,0.010037680692650671
948,Alex_Kuznetsov,-0.2888614807494799,0.005834917821621381
949,Paris_Gemouchidis,-0.2901980467047961,0.010635643708357807
950,Julius_Gotovskis,-0.29092709990521304,0.010671262928265582
951,Jaan_Kononov,-0.2917452740944251,0.010226178164681216
952,Gino_Meeuwsen,-0.2921793064947003,0.010268055700059266
953,Tuna_Altuna,-0.29242506287402886,0.010683060921828995
954,Sebo_Kiss,-0.29486837922218423,0.010426670537106688
955,Sanchai_Ratiwatana,-0.29579540036340574,0.01032921827858295
956,Christian_Lindell,-0.2961930067243116,0.005579518378468627
957,Minjong_Park,-0.29655077215300474,0.010352969109252425
958,Chak_Lam_Coleman_Wong,-0.29747089641459273,0.010485658980979355
959,Ludovic_Walter,-0.29839581158108847,0.0105345169157998
960,Mate_Delic,-0.29839614062462494,0.006503572375397436
961,Sharmal_Dissanayake,-0.2997007354909209,0.0073244874308135985
962,Edan_Leshem,-0.30027008003977335,0.007538084676329784
963,Takuto_Niki,-0.30092867955176295,0.010417357184740317
964,Anas_Fattar,-0.30171532865173645,0.010084075755618224
965,Roman_Hassanov,-0.3020884331933032,0.010315911671048596
966,Lucas_Andriamasilalao,-0.3027333338592198,0.0105429564318384
967,Paul_Jubb,-0.3028392400980231,0.0101689419487032
968,Borna_Gojo,-0.30484262905010096,0.010140980422494386
969,Hao_Sheng_Koay,-0.3049631112579945,0.0102472729199484
970,Luis_Diaz_Barriga,-0.30553601670599945,0.010191563675841802
971,Spencer_Newman,-0.3056122885442534,0.010207199527108992
972,Alexandar_Lazarov,-0.3056223192178807,0.008420487119957938
973,Abdulrahman_Alawadhi,-0.3067324977285698,0.010526901220779828
974,William_Kirkman,-0.30697200857632745,0.010546092389590044
975,Chu_Huan_Yi,-0.30906749654036275,0.01058415369502738
976,Christopher_Oconnell,-0.3098474265587323,0.009828933449195974
977,Andrei_Gorban,-0.3104940316478312,0.010341224744935767
978,Joao_Pedro_Sorgi,-0.310973245792943,0.008728799442317497
979,Andres_Molteni,-0.31160161767961814,0.009722005090867875
980,Simon_Stadler,-0.3122557552502809,0.01004423847337768
981,Marc_Polmans,-0.3132351026344792,0.008540497244237433
982,Stefan_Kozlov,-0.3148138139732,0.005742709011768847
983,John_Patrick_Smith,-0.3148272986975477,0.005559263947072011
984,Muhammad_Althaf_Dhaifullah,-0.3151223018689687,0.010476931723102496
985,Ivo_Klec,-0.3154867758320257,0.009895064752716617
986,Markus_Kerner,-0.31551356564497945,0.010146773502228052
987,Nino_Serdarusic,-0.31865352479736725,0.00881411724606935
988,Lazar_Magdincev,-0.3199071066419221,0.010549463965341776
989,Jack_Mingjie_Lin,-0.31996891134449945,0.010403168189045553
990,Erik_Chvojka,-0.3216770248310228,0.009925588051324234
991,Martijn_Van_Haasteren,-0.3236639170497785,0.008528428946428166
992,Adrian_Menendez_Maceiras,-0.3243914236782365,0.005417067973972376
993,Simen_Sunde_Bratholm,-0.3252470425778564,0.009274973307518903
994,Juan_Martin_Aranguren,-0.32754916022385766,0.01056939434756002
995,Karlis_Lejnieks,-0.3276855075011697,0.009930318308342723
996,Abdulhamid_Mubarak,-0.3306043173186868,0.010026578348978098
997,Aymeric_Mara,-0.33079333376253395,0.010314561499603678
998,Dino_Marcan,-0.33117927438254025,0.00998984930788209
999,Warit_Sornbutnark,-0.3312078777914048,0.007987112603238764
1000,Thien_Nguyen_Hoang,-0.33395142389566057,0.007109150400896076
1001,Maxime_Teixeira,-0.3343240675805917,0.008400409793856043
1002,Rafael_Eduardo_Gonzalez_Retana,-0.3353587112472734,0.010473039227191918
1003,Moez_Echargui,-0.33557416710823923,0.010121223009517078
1004,Tzvetan_Mihov,-0.34281094182920546,0.00976433352157162
1005,Shahin_Khaledan,-0.34284244933564106,0.0070894332442670875
1006,Michael_Leong,-0.34454734195654574,0.007571038810463892
1007,Arjun_Kadhe,-0.3468689183332317,0.009858227791197978
1008,Calvin_Hemery,-0.34688876746445557,0.00724009201182154
1009,Patrick_Kypson,-0.34743902945491373,0.00995199782641706
1010,Mubarak_Shannan_Zayid,-0.3483292359708303,0.009522170354947122
1011,Adrian_Andreev,-0.34870540998255284,0.009453920966196913
1012,Adrian_Bodmer,-0.3487655410727144,0.00990888056043043
1013,Tim_Van_Rijthoven,-0.3488643500731871,0.00948618699567111
1014,Sarvar_Ikramov,-0.34895701642100996,0.008697961790910664
1015,Henrik_Sillanpaa,-0.34901536505635256,0.010203100906383664
1016,Andrei_Soltoianu,-0.3501845029125834,0.010017312554570303
1017,Vicente_Elberto_Anasta,-0.35077255298079185,0.010591514185586529
1018,Maxime_Hamou,-0.35078122849400634,0.009094343805394083
1019,Nicolas_Massu,-0.35124652210764573,0.006168896275844291
1020,Ivan_Nedelko,-0.35193826283145757,0.009798453267652864
1021,Fabrice_Martin,-0.352864237279198,0.009824586233296089
1022,Dinko_Halachev,-0.35421250263644766,0.010528507542207225
1023,Sandro_Ehrat,-0.35617758130809557,0.009004823370026265
1024,Jesus_Francisco_Felix,-0.3567995747584485,0.01020818582753511
1025,Fernando_Romboli,-0.36106736548621315,0.01016128418442604
1026,Gerardo_Lopez_Villasenor,-0.36155019790538895,0.00851738459562824
1027,Franz_Luna_Lavidalie,-0.36179826598566295,0.010378192739507176
1028,Jonathan_Dasnieres_De_Veigy,-0.36203469765393254,0.008317658422832627
1029,Ognian_Kolev,-0.36274574069251764,0.009064086093080789
1030,Thomas_Muster,-0.36275606333488875,0.009968314832078155
1031,Gustavo_Ramirez,-0.36331527195780433,0.009906822501135597
1032,Nenad_Zimonjic,-0.36362491109999584,0.009501031402953762
1033,Lovro_Zovko,-0.366463100110012,0.00955842043354693
1034,Jordi_Samper_Montana,-0.36776175991122295,0.010134553387373808
1035,Akira_Santillan,-0.36827668798006263,0.007207063119410341
1036,Michael_Linzer,-0.37043795544670455,0.009540444037651474
1037,Riccardo_Ghedin,-0.3726732436283021,0.009860684365701833
1038,Josh_Goodall,-0.3744827134205575,0.009368826121066494
1039,Chun_Hun_Wong,-0.3758382927101791,0.009762184417900275
1040,Omar_Awadhy,-0.37592867881878295,0.00947194311114258
1041,Magloire_Yakpa,-0.37676065481265797,0.010344495563382345
1042,Carlos_Taborga,-0.37715334507299547,0.010310501037359294
1043,Marek_Marksoo,-0.37724519562565495,0.010547603567563759
1044,Andres_Bucaro,-0.3773242480270613,0.009731854463169059
1045,Roman_Borvanov,-0.37743721934571794,0.009996631536301108
1046,Olivier_Patience,-0.38127945962018317,0.009640793469131423
1047,Konstantin_Kravchuk,-0.38129997260461423,0.004570949307759297
1048,Luciano_Ramazzini,-0.3819775005513095,0.008700103343356842
1049,Theodoros_Angelinos,-0.3827298925940406,0.008533351309377598
1050,Minhtuan_Pham,-0.3828055259417464,0.010117778358966368
1051,Slim_Hamza,-0.3830660285228035,0.009883471989239034
1052,Aleksandr_Nedovyesov,-0.3845650712118801,0.005308205489135419
1053,Jc_Aragone,-0.38601049921579306,0.00908564144295127
1054,Peter_Torebko,-0.38649769204520396,0.009514795602128699
1055,Gilbert_Wong,-0.3866417409932166,0.010430555629201192
1056,Tilen_Zitnik,-0.3891257215652964,0.009827491324797806
1057,Maxime_Authom,-0.3892726678250641,0.009717955351279835
1058,Nicolae_Frunza,-0.39146076145824427,0.009943341768204531
1059,Lucas_Catarina,-0.391476871750577,0.008346767802967964
1060,Zhe_Li,-0.3924438957309249,0.006170555663351748
1061,Andrey_Kumantsov,-0.3925883494576689,0.009917141984385562
1062,Jaroslav_Pospisil,-0.3926483174812048,0.008615015593597284
1063,Petru_Alexandru_Luncanu,-0.39530799629544533,0.009350400531235212
1064,Erling_Tveit,-0.39539260516219626,0.00968147734669309
1065,Maxime_Janvier,-0.3956569259819392,0.009583164020366313
1066,Hsien_Yin_Peng,-0.3991604875001019,0.00971291262304169
1067,Kristian_Pless,-0.4005961334103854,0.010060209101494352
1068,Jesse_Huta_Galung,-0.40065105040764726,0.005286028474947152
1069,Harri_Heliovaara,-0.4010006842156132,0.005109998540037341
1070,Martin_Fischer,-0.40153147308812753,0.00552116055406187
1071,Ariel_Behar,-0.4035983100341173,0.00841215561804819
1072,Javier_Marti,-0.404376456708884,0.0070739954771361175
1073,Karol_Beck,-0.4052368861419491,0.004843959429690897
1074,Alexandre_Muller,-0.40529645730960895,0.00976721726512666
1075,Gabriel_Flores_Ruiz,-0.4080573741366946,0.008695349338289853
1076,Ilija_Bozoljac,-0.40893096581181476,0.007279118967939238
1077,Timo_Nieminen,-0.41038548549856735,0.009640702010297734
1078,Anoosha_Shahgholi,-0.41053889407135596,0.00871191186456574
1079,Sebastian_Moreno,-0.4108139081036626,0.009542358895161357
1080,Christoffer_Konigsfeldt,-0.4123743503529776,0.009767664157367064
1081,Lucas_Miedler,-0.4125886709566241,0.009617796761058731
1082,Liam_Caruana,-0.41471303753933897,0.009404078720503676
1083,Lorenzo_Giustino,-0.4157590043940161,0.009394328899331903
1084,Takanyi_Garanganga,-0.4159990776712387,0.006577424111910833
1085,Stefano_Galvani,-0.4195859608286061,0.01001551107736498
1086,Thiago_Seyboth_Wild,-0.4204023070699105,0.008095170606686049
1087,Yasitha_De_Silva,-0.4208457780483473,0.009616155958635962
1088,Kristof_Vliegen,-0.4219060755368596,0.0076325511604320145
1089,Lukas_Mugevicius,-0.42206772792215874,0.006647248142145043
1090,Jose_Olivares,-0.42297539736710343,0.008618734615598906
1091,David_Josepa,-0.4233235908599655,0.009903230870539556
1092,Pablo_Nunez,-0.4250155292927495,0.00943324393681458
1093,Marcos_Daniel,-0.4250976887787201,0.006425527169006829
1094,Mate_Valkusz,-0.4274448189129504,0.00949369311200165
1095,Ricardo_Hocevar,-0.42888393104752315,0.009102738529344553
1096,Mehluli_Don_Ayanda_Sibanda,-0.4293614600267733,0.01011785593803201
1097,Baris_Erguden,-0.43011781850341835,0.009725660350519015
1098,Niels_Desein,-0.43028819574320876,0.009173384662045361
1099,Mehdi_Jdi,-0.4307545033847359,0.009807067667861009
1100,Talal_Ouahabi,-0.43087390762280575,0.009612712754605492
1101,Patrik_Niklas_Salminen,-0.43694249647037053,0.010098115008018991
1102,Filippo_Baldi,-0.4375186422494495,0.009443108650012967
1103,Daniel_Koellerer,-0.43943212033931334,0.006181395049519354
1104,Vaja_Uzakov,-0.4402614248269256,0.009425476615556672
1105,Courtney_John_Lock,-0.4415088220341901,0.009772443637158236
1106,Julian_Saborio,-0.4426688325957426,0.009637891904571783
1107,Ryler_Deheart,-0.44387373550153303,0.009813665273093035
1108,Wisnu_Adi_Nugroho,-0.44680972164091276,0.00810402039344801
1109,Russell_Moseley,-0.44810434394852633,0.00981737952163395
1110,Eduardo_Struvay,-0.4497922245164717,0.009427178585802581
1111,Anil_Yuksel,-0.4513003848525796,0.009651519388961827
1112,Victor_Crivoi,-0.4538706791522143,0.00541391258467641
1113,Tomislav_Brkic,-0.4550376442941175,0.00669119950660178
1114,Arturs_Lazdins,-0.4565195534103982,0.010169462420347572
1115,Temur_Ismailov,-0.45759750491978884,0.008252499479488832
1116,Ando_Rasolomalala,-0.4576549473130966,0.010007859814851661
1117,Daniel_Cukierman,-0.4632509536779563,0.00967992140377707
1118,Issam_Al_Tawil,-0.46351944337349504,0.00765848999616092
1119,Alexandros_Jakupovic,-0.46386154795435164,0.008457552534016022
1120,Cristobal_Saavedra_Corvalan,-0.4680611093670172,0.009792830917465908
1121,Antoine_Bellier,-0.468175408293588,0.008182321929064465
1122,Alexander_Ward,-0.46888684923421475,0.009054599512815448
1123,Fredrik_Ask,-0.4688919841857338,0.00993688374295778
1124,Gabor_Borsos,-0.4691319635785253,0.008456505544132568
1125,Noam_Okun,-0.46944359963910265,0.00939278265171468
1126,Robin_Kern,-0.47018243243177094,0.009589392522610688
1127,Eero_Vasa,-0.47151567630159996,0.010084302413875026
1128,Rafa_Orantes,-0.47430803692039625,0.009908771943026199
1129,Michael_Massih,-0.47465399104568873,0.009696525687051897
1130,Puriwat_Chatpatcharoen,-0.4780774752785887,0.009747021682930427
1131,Nicolas_Lapentti,-0.4786187544732992,0.007748456237499948
1132,Vaclav_Safranek,-0.47928956563020153,0.00967317907334043
1133,Rajeev_Rajapakse,-0.48163336624568875,0.009848677782044481
1134,Jacob_Coenraad_De_Klerk,-0.4853508993737836,0.010073236915164534
1135,Ergun_Zorlu,-0.4854191504063708,0.009721769298077788
1136,Tomas_Vaise,-0.48675688747786966,0.009772799112838145
1137,Karim_Maamoun,-0.4888407993684531,0.008591899314608322
1138,Simon_Carr,-0.49011607694712983,0.009571300560314511
1139,Rouzbeh_Kamran,-0.4905754795180014,0.009625362723187867
1140,Weerapat_Doakmaiklee,-0.49718875261989476,0.008802430543127618
1141,Daniel_Windahl,-0.4984118188397669,0.00963702208939448
1142,Aslan_Karatsev,-0.49961051182879923,0.008196435651504361
1143,Martins_Podzus,-0.4997169080391676,0.006311546547989034
1144,Hong_Chung,-0.49995650726005963,0.009628310991515423
1145,Philip_Wilbert_Major,-0.5004343722163405,0.009846464984231742
1146,Vijayant_Malik,-0.5032474174968627,0.009782494246399917
1147,Ruben_Ramirez_Hidalgo,-0.5035608805121398,0.004107812161169967
1148,Ali_Ghareeb,-0.5061710108305666,0.009712348905919111
1149,Juan_Borba,-0.5070225119129897,0.008517854371245416
1150,Mariusz_Fyrstenberg,-0.5121091709826678,0.009697809119016267
1151,Martin_Vassallo_Arguello,-0.5128209738560758,0.00905860833003752
1152,Gilles_Kremer,-0.5129892396120693,0.008623627143507414
1153,Alex_Knaff,-0.5137725770982895,0.009586949579336668
1154,Brydan_Klein,-0.5175430536595899,0.008070893012538974
1155,Santiago_Ventura,-0.5195580649363964,0.006854850968359607
1156,Mauricio_Estivariz,-0.5199772117682933,0.009475209279915825
1157,Jean_Marc_Bazanne,-0.5226827215538555,0.009895540162217288
1158,Andreas_Vinciguerra,-0.525156349443432,0.007921661392718398
1159,Thai_Son_Kwiatkowski,-0.5254692782131275,0.009270814678177855
1160,Oliver_Golding,-0.5261573370329548,0.009420434635066938
1161,Viktor_Durasovic,-0.5304102582739372,0.006711140735573246
1162,Tom_Kocevar_Desman,-0.5314830859941223,0.009216924800486151
1163,Anthony_Susanto,-0.5324362880827705,0.009659206986078611
1164,Jesus_Bandres,-0.5353816426557296,0.009429657003367552
1165,Haithem_Abid,-0.538542888009683,0.009607771610387636
1166,Stian_Boretti,-0.5453170490207165,0.009302815898731607
1167,Harel_Levy,-0.5455768603759268,0.008152989511610803
1168,Mike_Urbanija,-0.5470792387976375,0.009296519495805039
1169,Mikhail_Ledovskikh,-0.5493172308989601,0.008919293916279214
1170,Sebastian_Quiros,-0.5496458356812403,0.009440159889654487
1171,Abdulhameed_Alshatti,-0.5512315445236775,0.009789142659462433
1172,Philippos_Tsangaridis,-0.5533018815826879,0.008862390131690625
1173,Mike_Scheidweiler,-0.5545751769510087,0.00950255790322984
1174,Jad_Ballout,-0.5567094456854177,0.009697991399058371
1175,Federico_Zeballos,-0.559053401152415,0.006279506922999647
1176,Daniel_Glancy,-0.5652657042307546,0.008301619276401216
1177,Ranjeet_Virali_Murugesan,-0.5661977923529757,0.009802239146085048
1178,Frantisek_Cermak,-0.572800716334752,0.00937505714611956
1179,Jacob_Rasolondrazana,-0.5767773480206032,0.009224767108386654
1180,Sherif_Sabry,-0.5776125030394962,0.007295622284844463
1181,Ruan_Roelofse,-0.5788047569392449,0.007425943570397142
1182,Pedro_Martinez,-0.5796217876542193,0.008826020894552616
1183,Juan_Pablo_Varillas,-0.5799193707911547,0.006883579384652704
1184,Thierry_Ascione,-0.5807251720304935,0.008785604049946338
1185,Gerard_Granollers,-0.5831623252422,0.009515553668409624
1186,Ibrahim_Abou_Chahine,-0.5854096866423883,0.009343690414765769
1187,Anis_Ghorbel,-0.588786842050426,0.009603802576802654
1188,Finn_Tearney,-0.5888639471820875,0.008888897901413546
1189,Marko_Djokovic,-0.5906409610778762,0.009325434300661179
1190,Nicolas_Barrientos,-0.5917919787384269,0.009177858304468852
1191,Agustin_Velotti,-0.5919384759970461,0.009300373832758195
1192,Roberto_Cid,-0.5924674488778421,0.007256416829980638
1193,Haluk_Akkoyun,-0.5988288863571756,0.0093080782105723
1194,Adrien_Bossel,-0.5991852055039238,0.008666731214150626
1195,Oscar_Hernandez,-0.6012518769359813,0.006755140735935318
1196,Thiago_Alves,-0.601895416288327,0.007903107042903555
1197,Nick_Lindahl,-0.60248145362363,0.008673315839308422
1198,Christopher_Koutrouzas,-0.6030375340600815,0.009516544749476254
1199,Bar_Tzuf_Botzer,-0.6036420769681299,0.009027679144152296
1200,Maxim_Bulat,-0.6038311021573264,0.009492210385793932
1201,Juho_Paukku,-0.6073273764980572,0.008581169919494838
1202,Anthony_Marshall,-0.6101311269728446,0.009340476076699916
1203,Ayed_Zatar,-0.610343019260951,0.008495215897443426
1204,Petros_Chrysochos,-0.6159953300142881,0.007079483511965751
1205,Adam_Hornby,-0.6178754983193498,0.009239845378592444
1206,Andres_Weisskopf,-0.6234023545784055,0.009396721557591997
1207,Isak_Arvidsson,-0.624001665089186,0.00768542389157475
1208,Jordi_Munoz_Abreu,-0.6289005110470937,0.007828847257844843
1209,Laurent_Lokoli,-0.6339102289319368,0.009160308499722178
1210,Daniel_Cox,-0.6367113509345207,0.009085522252245548
1211,Dovydas_Sakinis,-0.6390217471021845,0.008243745298710227
1212,Micke_Kontinen,-0.6429353644134237,0.007316917546991582
1213,Stephane_Bohli,-0.6461463993719199,0.008537412011452196
1214,Benjamin_Mitchell,-0.6472693583328906,0.00873276828723611
1215,Jurij_Rodionov,-0.6493174798361371,0.008477746333244211
1216,Giovanni_Lapentti,-0.649977634624767,0.007582246496880928
1217,Andrei_Vasilevski,-0.6505015142973459,0.008949787258161375
1218,Mehdi_Ziadi,-0.6519037320803445,0.008779112325420177
1219,Sam_Barry,-0.6519369176907885,0.007847265673906008
1220,Ricardo_Gonzalez_Diaz,-0.6530289137626034,0.009472907900606503
1221,Viktor_Filipenko,-0.6606949796632027,0.009531906847763555
1222,Sumit_Nagal,-0.664520496964652,0.008815385194998299
1223,Julius_Tverijonas,-0.6651413278258488,0.009436844525177377
1224,Salvador_Andres_Bolanos,-0.6715536750241791,0.010076800551705784
1225,Dineshkanthan_Thangarajah,-0.6776830784892763,0.006562322290811556
1226,Aditya_Hari_Sasongko,-0.6802334039280584,0.006943948457355211
1227,Todor_Enev,-0.6810653081407834,0.008664722658401128
1228,Aziz_Dougaz,-0.6882560879242854,0.009480403994626296
1229,Tigre_Hank,-0.6950752917097972,0.007614423152677544
1230,Martin_Cuevas,-0.6960158828168506,0.0061504029202296955
1231,Sanjar_Fayziev,-0.7089966438245876,0.007327508260587112
1232,Jabor_Al_Mutawa,-0.713712196181391,0.008575835430859366
1233,Christophe_Tholl,-0.7190388004201812,0.009075431452771152
1234,Haydn_Lewis,-0.7283886806013115,0.006356931246464338
1235,Ignaci_Roca,-0.7365057069490096,0.00905804218481274
1236,Tsung_Hua_Yang,-0.7383404835322034,0.005770517743121397
1237,Murad_Inoyatov,-0.7452403430042529,0.009091927789251709
1238,Elbert_Sie,-0.7465774425441482,0.009004910723700538
1239,Lucas_Gomez,-0.7468662347013992,0.006369947415136217
1240,Ariez_Elyaas_Deen_Heshaam,-0.7578491213967079,0.008619120516909532
1241,Juan_Sebastian_Langton,-0.7601492264455572,0.009553815969988342
1242,Mike_Vermeer,-0.7675323446723453,0.008762893359667278
1243,Christos_Hadjigeorgiou,-0.7754770226444153,0.00889151302635578
1244,George_Tsivadze,-0.7763951828067954,0.007967934044692274
1245,Mohsen_Hossein_Zade,-0.7809609172956977,0.008696331830797247
1246,Alexandar_Lazov,-0.7846437954635499,0.008064210512739018
1247,Mikelis_Libietis,-0.7856043733229965,0.007800501124776425
1248,Cem_Ilkel,-0.7922324517697007,0.0056594549658080685
1249,Sergey_Betov,-0.7932878198275614,0.008414161964959584
1250,Cecil_Mamiit,-0.794963243367946,0.006852233374308886
1251,Naser_Al_Obaidly,-0.8000866499455259,0.008725803507478013
1252,Joachim_Bjerke,-0.8082982065575323,0.008504805426302992
1253,Karim_Alayli,-0.8156310035694694,0.007854041898706279
1254,David_Agung_Susanto,-0.8189361843902409,0.006197947859494711
1255,Ugo_Nastasi,-0.820462270916742,0.006834850708087485
1256,Artem_Smirnov,-0.8211369781344967,0.008374755563185336
1257,Eric_Prodon,-0.8221829963144636,0.008281125348494877
1258,Hillel_Rousseau,-0.823441042421844,0.00871179639534973
1259,Tadas_Babelis,-0.8598790830810423,0.008542563669132457
1260,Guilherme_Clezar,-0.8670266581509163,0.006987274511242537
1261,Sergis_Kyratzis,-0.868245710331461,0.007451356184518748
1262,Janis_Podzus,-0.8684464732443985,0.008146801202680997
1263,Facundo_Arguello,-0.8769979831700618,0.007392141214105607
1264,David_Guez,-0.8794145982076134,0.008089640134621382
1265,Mahammad_Abid,-0.8989198317080598,0.008715337890395677
1266,Christophe_Rochus,-0.9457033442903937,0.008173688289381678
1267,Rudolfs_Mednis,-0.9560088811524186,0.008762420008679899
1268,Seanon_Williams,-0.961005636707667,0.007206578746418071
1269,Rares_Cuzdriorean,-1.027693067999991,0.008569160260857729
1270,Yasir_Khan,-1.053910283143318,0.008081840965454105
1271,Cyril_Jacobe,-1.1774831418833638,0.007719064793485906
1272,Alberto_Emmanuel_Alvarado_Larin,-1.1931085884693113,0.007922533946014018
